<?xml version="1.0" encoding="UTF-8"?>
<preferences>
 <debug showDebugMenu="0" />
 <systemtable filter="All Interfaces">
  <columns>
   <connections preferredWidth="143" />
   <irq preferredWidth="34" />
  </columns>
 </systemtable>
 <library
   expandedCategories="Library/Interface Protocols/Serial,Library/Basic Functions/Simulation; Debug and Verification/Debug and Performance,Project,Library/Processors and Peripherals/Peripherals,Library/Basic Functions/On Chip Memory,Library/Basic Functions,Library,Library/Interface Protocols,Library/Basic Functions/Simulation; Debug and Verification,Library/Processors and Peripherals/Embedded Processors,Library/Processors and Peripherals" />
 <window width="1936" height="1048" x="1912" y="-8" />
 <generation simulation="NONE" synthesis="VHDL" />
</preferences>
